USE Cassell_Academy;

-- 插入混血种用户数据
INSERT INTO bloodline_user (name, code_name, bloodline_level, department, dragon_power, language, weapon, register_date, address, phone, email) VALUES
('路明非', '夏弥的恋人', 'S', '学生会', 850, '君焰', '村雨', '2024-11-15', '上海市闵行区某普通小区', '13800138001', 'lumingnon@cassell.edu'),
('楚子航', '校草', 'A', '狮心会', 920, '王之侍', '七宗罪', '2024-12-20', '卡塞尔学院狮心会总部', '13900139002', 'zhihang@cassell.edu'),
('绘梨衣', '公主', 'S', '执行部', 980, '君焰', '炼金左轮', '2025-01-10', '日本东京都芦屋区', '13700137003', 'eri@cassell.edu'),
('诺诺', '学霸', 'B', '学生会', 750, '贤者之石', '炼金手套', '2025-02-05', '卡塞尔学院学生宿舍', '13600136004', 'nono@cassell.edu'),
('凯撒', '狮心王', 'A', '狮心会', 900, '青铜御座', '刹那', '2025-01-12', '卡塞尔学院狮心会分部', '13500135005', 'caesar@cassell.edu'),
('零', '零', 'S', '执行部', 999, '言灵之王', '言灵武装', '2024-10-01', '卡塞尔学院密室', '13400134006', 'zero@cassell.edu'),
('恺撒·加图索', '狮王', 'A', '狮心会', 880, '青铜御座', '刹那', '2024-11-01', '卡塞尔学院狮心会', '13300133007', 'caesar.g@cassell.edu'),
('夏弥', '龙族公主', 'S', '学生会', 930, '湮灭', '龙之牙', '2025-01-20', '卡塞尔学院女生宿舍', '13200132008', 'xiami@cassell.edu'),
('芬格尔', '话唠', 'B', '学生会', 700, '时间零', '机械臂', '2024-11-25', '卡塞尔学院男生宿舍', '13100131009', 'finger@cassell.edu'),
('苏茜', '大姐头', 'A', '执行部', 850, '贤者之石', '炼金手枪', '2024-12-10', '卡塞尔学院执行部', '13000130010', 'suzi@cassell.edu'),
('源稚生', '蛇岐八家少主', 'S', '执行部', 950, '君焰', '妖刀·千鹤', '2025-02-15', '日本东京都蛇岐八家总部', '13900139011', 'minashiro@cassell.edu'),
('路鸣泽', '兄长大人', 'S+', '未知', 999, '言灵之王', '无', '2024-10-10', '未知', '13800138012', 'mingze@cassell.edu');

-- 插入装备数据
INSERT INTO equipment (name, category, power_level, price, create_date, origin, element, special_effect, blood_cost, compatibility) VALUES
('村雨', '灵刃武器', 95, 9999.00, '2024-10-01', '日本皇室', '水', '能够切断任何物质，包括龙族的鳞片', 50, 'S'),
('七宗罪', '灵刃武器', 90, 8999.00, '2024-11-10', '卡塞尔学院', '火', '七把不同属性的灵刃，可以根据敌人弱点切换', 45, 'A'),
('炼金左轮', '远程武器', 85, 7999.00, '2024-12-05', '卡塞尔学院', '金', '使用特殊炼金弹药，对龙族有极强杀伤力', 40, 'A'),
('刹那', '灵刃武器', 88, 8599.00, '2024-12-15', '卡塞尔学院', '风', '极速切割，攻击速度快如闪电', 42, 'A'),
('黄金瞳强化药剂', '血统药剂', 70, 3999.00, '2025-01-01', '卡塞尔学院', '无', '临时提升使用者的血统等级和龙血之力', 0, 'B'),
('龙族古籍', '秘密文献', 50, 12999.00, '2025-01-15', '秘党', '无', '记载了龙族的历史和弱点', 0, 'ALL'),
('言灵防护服', '防具', 75, 6999.00, '2025-02-01', '卡塞尔学院', '无', '能够抵抗部分言灵攻击', 0, 'ALL'),
('龙血结晶', '血统强化', 92, 15999.00, '2025-02-15', '秘党', '血', '纯血龙族的血液结晶，可永久提升血统等级', 0, 'S'),
('死侍装甲', '防具', 85, 9999.00, '2025-01-01', '卡塞尔学院', '土', '全身装甲，可抵御大部分物理和言灵攻击', 30, 'A'),
('言灵封印石', '封印道具', 80, 7599.00, '2025-01-15', '日本皇室', '暗', '可以暂时封印敌人的言灵能力', 20, 'ALL'),
('妖刀·千鹤', '灵刃武器', 93, 10999.00, '2024-11-20', '日本蛇岐八家', '暗', '能够吸收敌人的生命力并转化为使用者的力量', 55, 'S'),
('龙骨十字', '圣物', 88, 13999.00, '2024-12-25', '秘党', '光', '能够压制龙族的力量，对纯血龙族有特殊效果', 0, 'ALL');

-- 插入言灵数据
INSERT INTO dragon_language (name, element, rank, effect, energy_cost, activation_key, origin_dragon, compatibility) VALUES
('君焰', '火', 'S', '操控高温火焰，温度可达3000度以上', 80, 'Ignis', '尼伯龙根', 'S'),
('王之侍', '风', 'A', '极速移动，瞬间提升反应和速度', 60, 'Ventus', '风王', 'A'),
('青铜御座', '土', 'A', '创造坚固防御屏障，抵挡攻击', 65, 'Terra', '地龙', 'A'),
('贤者之石', '金', 'B', '炼金术，能够转化物质属性', 50, 'Aurum', '黄金龙', 'B'),
('言灵之王', '混合', 'S+', '掌控所有言灵，能够复制和使用其他言灵', 100, 'Omnia', '混血始祖', 'S+'),
('湮灭', '暗', 'S', '创造虚无领域，吞噬一切物质', 90, 'Nihil', '黑龙王', 'S'),
('时间零', '时', 'S+', '短暂停止时间流动', 95, 'Tempus', '时之龙', 'S+'),
('雷鸣', '雷', 'A', '释放强大的雷电攻击，可瞬间麻痹敌人', 70, 'Fulmen', '雷霆龙王', 'A'),
('冰封', '水', 'A', '冻结周围环境，可将敌人冰封', 75, 'Glacies', '冰霜巨龙', 'A'),
('愈合', '生', 'B', '加速伤口愈合，恢复生命力', 40, 'Sanatio', '生命之龙', 'B'),
('镜瞳', '光', 'S', '复制对方的言灵并使用', 85, 'Speculum', '镜之龙', 'S'),
('君主', '精神', 'S', '短时间内控制他人的思想和行动', 95, 'Dominus', '精神龙王', 'S');

-- 插入纯血龙族数据
INSERT INTO pureblood_dragon (name, origin_name, element, rank, territory, appearance, power_index, special_ability, status, last_appearance) VALUES
('尼伯龙根', 'Nibelungen', '火', '君主级', '北欧', '巨大的红色龙躯，全身覆盖着如同熔岩般的鳞片', 9800, '掌控毁灭性的烈焰，能够焚烧一切', '沉眠', '2024-05-20'),
('风王', 'Ventus Rex', '风', '王级', '地中海', '身形修长的青色巨龙，翼展可达百米', 8500, '操控飓风和气流，速度无人能及', '活跃', '2025-01-15'),
('地龙', 'Terra Draco', '土', '王级', '阿尔卑斯山脉', '厚重的褐色鳞片，如同山岳般的身躯', 8200, '大地震动，创造坚不可摧的防御', '沉眠', '2024-11-30'),
('黄金龙', 'Aurum Draco', '金', '皇级', '南美洲', '通体金黄，鳞片如同纯金打造', 9000, '点石成金，炼金术的源头', '活跃', '2025-01-10'),
('黑龙王', 'Tenebris Rex', '暗', '君主级', '太平洋深处', '漆黑如墨的龙躯，吞噬光线', 9500, '创造虚无，湮灭一切存在', '沉眠', '2024-12-21'),
('时之龙', 'Tempus Draco', '时', '君主级', '未知', '半透明的龙躯，仿佛不存在于现实中', 9900, '操控时间流速，预知未来', '未知', '2024-10-31'),
('雷霆龙王', 'Fulmen Rex', '雷', '皇级', '喜马拉雅山脉', '通体闪烁着电光的蓝紫色龙躯', 8800, '引导雷电，制造毁灭性的雷暴', '活跃', '2025-02-05'),
('冰霜巨龙', 'Glacies Gigantus', '水', '王级', '南极', '晶莹剔透的冰蓝色龙躯，周身散发寒气', 8300, '冰封万物，创造绝对零度的领域', '沉眠', '2024-09-15'),
('生命之龙', 'Vita Draco', '生', '皇级', '亚马逊雨林', '翠绿色的龙躯，身上生长着各种植物', 8600, '掌控生命能量，可治愈伤势或赐予生命', '活跃', '2025-01-25'),
('镜之龙', 'Speculum Draco', '光', '君主级', '未知', '如水银般流动的银色龙躯，能反射一切光线', 9300, '复制其他龙族的能力并使用', '沉眠', '2024-08-18');

-- 插入混血种-言灵关联数据
INSERT INTO bloodline_language (bloodline_user_id, dragon_language_id, mastery_level, unlock_date) VALUES
(1, 1, 8, '2024-12-10'),
(2, 2, 9, '2025-01-05'),
(3, 1, 10, '2024-11-15'),
(4, 4, 7, '2025-02-20'),
(5, 3, 9, '2025-01-10'),
(6, 5, 10, '2024-10-25'),
(7, 3, 8, '2024-12-15'),
(8, 6, 9, '2025-01-20'),
(9, 7, 6, '2024-11-30'),
(10, 4, 8, '2024-12-05'),
(11, 1, 9, '2025-02-10'),
(12, 5, 10, '2024-10-15');